SQL> SELECT CD, D
  2  FROM DEPARTAMENTO;

        CD D                                                                    
---------- ------------------------------------------------------------         
         1 ANALISIS MATEMATICO                                                  
         2 ASTROFISICA                                                          
         3 ESTADISTICA, INVESTIGACION OPERATIVA Y COMPUTACION                   
         4 MATEMATICA FUNDAMENTAL                                               

SQL> SELECT*
  2  FROM AREA;

       CAR AR                                                                   
---------- ------------------------------------------------------------         
        CD                                                                      
----------                                                                      
         1 ALGEBRA                                                              
         4                                                                      
                                                                                
         2 ANALISIS MATEMATICO                                                  
         1                                                                      
                                                                                
         3 ASTRONOMIA Y ASTROFISICA                                             
         2                                                                      
                                                                                

       CAR AR                                                                   
---------- ------------------------------------------------------------         
        CD                                                                      
----------                                                                      
         4 CIENCIAS DE LA COMPUTACION E INTELIGENCIA ARTIFICIAL                 
         3                                                                      
                                                                                
         5 DIDACTICA DE LA MATEMATICA                                           
         1                                                                      
                                                                                
         6 ESTADISTICA E INVESTIGACION OPERATIVA                                
         3                                                                      
                                                                                

       CAR AR                                                                   
---------- ------------------------------------------------------------         
        CD                                                                      
----------                                                                      
         7 LENGUAJES Y SISTEMAS INFORMATICOS                                    
         3                                                                      
                                                                                
         8 MATEMATICA APLICADA                                                  
         1                                                                      
                                                                                

8 rows selected.

SQL> SELECT DNI
  2  FROM PROFESOR;

       DNI                                                                      
----------                                                                      
      1010                                                                      
      1111                                                                      
      2020                                                                      
      2222                                                                      
      3030                                                                      
      3333                                                                      
      4444                                                                      
      5555                                                                      
      6666                                                                      
      7777                                                                      
      8888                                                                      

       DNI                                                                      
----------                                                                      
      9999                                                                      

12 rows selected.

SQL> SELECT *
  2  FROM PROFESOR;

       DNI P                                                                    
---------- ------------------------------------------------------------         
       CAR CAT                                                                  
---------- -----                                                                
      1111 JUAN                                                                 
         6 CU                                                                   
                                                                                
      2222 CARLOS                                                               
         7 TU                                                                   
                                                                                
      3333 PEDRO                                                                
         4 TEU                                                                  
                                                                                

       DNI P                                                                    
---------- ------------------------------------------------------------         
       CAR CAT                                                                  
---------- -----                                                                
      4444 MARIA                                                                
         7 TU                                                                   
                                                                                
      5555 IVAN                                                                 
         1 CEU                                                                  
                                                                                
      6666 CARMEN                                                               
         3 CD                                                                   
                                                                                

       DNI P                                                                    
---------- ------------------------------------------------------------         
       CAR CAT                                                                  
---------- -----                                                                
      7777 MARIO                                                                
         2 TU                                                                   
                                                                                
      8888 FRANCISCO                                                            
         5 TU                                                                   
                                                                                
      9999 ANGELA                                                               
         8 TEU                                                                  
                                                                                

       DNI P                                                                    
---------- ------------------------------------------------------------         
       CAR CAT                                                                  
---------- -----                                                                
      1010 DAVID                                                                
         4 TU                                                                   
                                                                                
      2020 SOLEDAD                                                              
         7 CU                                                                   
                                                                                
      3030 JOSE MANUEL                                                          
         6 TEU                                                                  
                                                                                

12 rows selected.

SQL> SELECT P, DNI, CAT, CAR
  2  FROM PROFESOR;

P                                                                   DNI CAT     
------------------------------------------------------------ ---------- -----   
       CAR                                                                      
----------                                                                      
JUAN                                                               1111 CU      
         6                                                                      
                                                                                
CARLOS                                                             2222 TU      
         7                                                                      
                                                                                
PEDRO                                                              3333 TEU     
         4                                                                      
                                                                                

P                                                                   DNI CAT     
------------------------------------------------------------ ---------- -----   
       CAR                                                                      
----------                                                                      
MARIA                                                              4444 TU      
         7                                                                      
                                                                                
IVAN                                                               5555 CEU     
         1                                                                      
                                                                                
CARMEN                                                             6666 CD      
         3                                                                      
                                                                                

P                                                                   DNI CAT     
------------------------------------------------------------ ---------- -----   
       CAR                                                                      
----------                                                                      
MARIO                                                              7777 TU      
         2                                                                      
                                                                                
FRANCISCO                                                          8888 TU      
         5                                                                      
                                                                                
ANGELA                                                             9999 TEU     
         8                                                                      
                                                                                

P                                                                   DNI CAT     
------------------------------------------------------------ ---------- -----   
       CAR                                                                      
----------                                                                      
DAVID                                                              1010 TU      
         4                                                                      
                                                                                
SOLEDAD                                                            2020 CU      
         7                                                                      
                                                                                
JOSE MANUEL                                                        3030 TEU     
         6                                                                      
                                                                                

12 rows selected.

SQL> 
SQL> SELECT P "PROFESOR",DNI "IDENTIFICADOR", CAT "CATEGORIA", CAR "CODIGO"
  2  FROM PROFESOR;

PROFESOR                                                     IDENTIFICADOR CATEG
------------------------------------------------------------ ------------- -----
    CODIGO                                                                      
----------                                                                      
JUAN                                                                  1111 CU   
         6                                                                      
                                                                                
CARLOS                                                                2222 TU   
         7                                                                      
                                                                                
PEDRO                                                                 3333 TEU  
         4                                                                      
                                                                                

PROFESOR                                                     IDENTIFICADOR CATEG
------------------------------------------------------------ ------------- -----
    CODIGO                                                                      
----------                                                                      
MARIA                                                                 4444 TU   
         7                                                                      
                                                                                
IVAN                                                                  5555 CEU  
         1                                                                      
                                                                                
CARMEN                                                                6666 CD   
         3                                                                      
                                                                                

PROFESOR                                                     IDENTIFICADOR CATEG
------------------------------------------------------------ ------------- -----
    CODIGO                                                                      
----------                                                                      
MARIO                                                                 7777 TU   
         2                                                                      
                                                                                
FRANCISCO                                                             8888 TU   
         5                                                                      
                                                                                
ANGELA                                                                9999 TEU  
         8                                                                      
                                                                                

PROFESOR                                                     IDENTIFICADOR CATEG
------------------------------------------------------------ ------------- -----
    CODIGO                                                                      
----------                                                                      
DAVID                                                                 1010 TU   
         4                                                                      
                                                                                
SOLEDAD                                                               2020 CU   
         7                                                                      
                                                                                
JOSE MANUEL                                                           3030 TEU  
         6                                                                      
                                                                                

12 rows selected.

SQL> SELECT*
  2  FROM ASIGNATURA;

       CAS A                                                  T           CUR   
---------- -------------------------------------------------- ---- ----------   
       CAR         CT         CP         CL                                     
---------- ---------- ---------- ----------                                     
         1 BASES DE DATOS                                     GII           3   
         7          3        1.5        1.5                                     
                                                                                
         2 INTELIGENCIA ARTIFICIAL                            GII           3   
         4        1.5        1.5          3                                     
                                                                                
         3 ALMACENES DE DATOS                                 MII           1   
         7        1.5          0        1.5                                     
                                                                                

       CAS A                                                  T           CUR   
---------- -------------------------------------------------- ---- ----------   
       CAR         CT         CP         CL                                     
---------- ---------- ---------- ----------                                     
         4 MINERIA DE DATOS                                   MII           1   
         7        1.5          0        1.5                                     
                                                                                
         5 INFORMATICA BASICA                                 GII           1   
         7          3        1.5        1.5                                     
                                                                                
         6 ALGEBRA                                            GII           1   
         1          3          3          0                                     
                                                                                

       CAS A                                                  T           CUR   
---------- -------------------------------------------------- ---- ----------   
       CAR         CT         CP         CL                                     
---------- ---------- ---------- ----------                                     
         7 CALCULO                                            GII           1   
         8          3          3          0                                     
                                                                                
         8 OPTIMIZACION                                       GII           1   
         6          3        1.5        1.5                                     
                                                                                
         9 GESTION DE RIESGOS                                 GII           3   
         4          3          0          3                                     
                                                                                

       CAS A                                                  T           CUR   
---------- -------------------------------------------------- ---- ----------   
       CAR         CT         CP         CL                                     
---------- ---------- ---------- ----------                                     
        10 ASTRONOMIA                                         GF            2   
         3          3        1.5        1.5                                     
                                                                                
        11 ENSENANZA DE LA MATEMATICA                         GM            2   
         5          6          0          0                                     
                                                                                
        12 ANALISIS COMPLEJO                                  GM            4   
         2        4.5          3          0                                     
                                                                                

12 rows selected.

SQL> SELECT GII
  2  FROM ASIGNATURA;
SELECT GII
       *
ERROR at line 1:
ORA-00904: "GII": invalid identifier 


SQL> SET TIME ON
13:56:31 SQL> SELECT T = GII
13:57:25   2  FROM ASIGNATURA;
SELECT T = GII
         *
ERROR at line 1:
ORA-00923: FROM keyword not found where expected 


13:57:30 SQL> SELECT T='GII'
13:57:50   2  FROM ASIGNATURA;
SELECT T='GII'
        *
ERROR at line 1:
ORA-00923: FROM keyword not found where expected 


13:57:56 SQL> SELECT *
13:59:36   2  FROM ASIGNATURA
13:59:43   3  WHERE T='GII';

       CAS A                                                  T           CUR   
---------- -------------------------------------------------- ---- ----------   
       CAR         CT         CP         CL                                     
---------- ---------- ---------- ----------                                     
         1 BASES DE DATOS                                     GII           3   
         7          3        1.5        1.5                                     
                                                                                
         2 INTELIGENCIA ARTIFICIAL                            GII           3   
         4        1.5        1.5          3                                     
                                                                                
         5 INFORMATICA BASICA                                 GII           1   
         7          3        1.5        1.5                                     
                                                                                

       CAS A                                                  T           CUR   
---------- -------------------------------------------------- ---- ----------   
       CAR         CT         CP         CL                                     
---------- ---------- ---------- ----------                                     
         6 ALGEBRA                                            GII           1   
         1          3          3          0                                     
                                                                                
         7 CALCULO                                            GII           1   
         8          3          3          0                                     
                                                                                
         8 OPTIMIZACION                                       GII           1   
         6          3        1.5        1.5                                     
                                                                                

       CAS A                                                  T           CUR   
---------- -------------------------------------------------- ---- ----------   
       CAR         CT         CP         CL                                     
---------- ---------- ---------- ----------                                     
         9 GESTION DE RIESGOS                                 GII           3   
         4          3          0          3                                     
                                                                                

7 rows selected.

14:00:03 SQL> SELECT*
14:00:45   2  FROM AREA
14:00:50   3  WHERE DNI='7';
WHERE DNI='7'
      *
ERROR at line 3:
ORA-00904: "DNI": invalid identifier 


14:01:01 SQL> SELECT*
14:01:56   2  FROM PROFESOR
14:01:58   3  WHERE DNI='7';

no rows selected

14:02:06 SQL> SELECT DNI
14:03:22   2  FROM PROFESOR
14:03:37   3  WHERE CAR='7';

       DNI                                                                      
----------                                                                      
      2222                                                                      
      4444                                                                      
      2020                                                                      

14:04:10 SQL> SPOOL OFF
